{"fold":3,"val_dice":0.8528923069032471,"_wandb":{"runtime":7740},"_timestamp":1.7446353810556571e+09,"val_pq":0.6188927067030658,"_runtime":7739.983358306,"_step":2666,"final_val_dice":0.8528923069032471,"epoch":5,"fold_viz":{"size":1695011,"path":"media/images/fold_viz_2666_5eb7c4ddc3a573d7570d.png","format":"png","width":4500,"height":1500,"_type":"image-file","sha256":"5eb7c4ddc3a573d7570dca7b106c472451a73213d1863a720e96f72cabac61b3"},"val_aji":0.6808074249298478,"final_val_pq":0.6188927067030658,"train_loss":0.0010815877467393875,"final_val_aji":0.6808074249298478}