{"val_dice":0.8108697446174712,"val_aji":0.5886413932869903,"_runtime":8052.538070999,"_step":2666,"_timestamp":1.7446191899321103e+09,"fold":1,"epoch":5,"final_val_pq":0.5531169043282147,"fold_viz":{"width":4500,"height":1500,"_type":"image-file","sha256":"e4b14a17fc079735aac125fe4f57f2503562f8b27ed06a5c800bcc49d6c67f4c","size":1781155,"path":"media/images/fold_viz_2666_e4b14a17fc079735aac1.png","format":"png"},"val_pq":0.5531169043282147,"final_val_dice":0.8108697446174712,"_wandb":{"runtime":8052},"train_loss":0.0037211966700851917,"final_val_aji":0.5886413932869903}