{"final_val_pq":0.5488293754296668,"_wandb":{"runtime":8446},"train_loss":0.0014456402277573943,"val_dice":0.816237552427914,"fold":2,"val_aji":0.5944139725473784,"_step":2666,"_runtime":8446.260350316,"final_val_dice":0.816237552427914,"val_pq":0.5488293754296668,"fold_viz":{"path":"media/images/fold_viz_2666_d0967810fa166c2c0c25.png","format":"png","width":4500,"height":1500,"_type":"image-file","sha256":"d0967810fa166c2c0c25bedbe9532fa1916fe6eacac7f433adf2ea4bda5bcb32","size":1767526},"final_val_aji":0.5944139725473784,"epoch":5,"_timestamp":1.7446276387437205e+09}